ID,CITY,STATE,LONGITUDE,LATITUDE,POR,JAN,FEB,MAR,APR,MAY,JUN,JUL,AUG,SEP,OCT,NOV,DEC,ANN
13876,BIRMINGHAM,AL,-86.81179,33.52072,196501-197812,46,53,57,65,65,67,59,62,59,66,55,49,58
13895,MONTGOMERY,AL,-86.30005,32.38015,196501-198312,47,55,58,64,63,64,61,61,59,63,55,49,58
26451,ANCHORAGE,AK,-149.85815,61.21753,196501-198312,43,46,51,50,51,46,43,43,41,36,35,33,43
25309,JUNEAU,AK,-134.40679,58.29973,196501-197912,39,35,38,42,44,37,33,35,27,21,26,21,33
26617,NOME,AK,-165.40583,64.49947,196502-198312,38,56,54,52,52,43,39,34,38,35,30,36,42
3103,FLAGSTAFF,AZ,-111.6513,35.1982,197204-198912,71,73,72,82,83,88,74,75,79,77,72,76,76
23183,PHOENIX,AZ,-112.0758,33.44825,196501-198312,79,81,83,90,93,95,86,87,89,88,79,79,85
23160,TUCSON,AZ,-110.96977,32.22177,196501-198312,80,82,86,92,94,93,80,84,87,88,83,79,85
13964,FORT SMITH,AR,-94.42145,35.3847,196501-198312,52,56,58,60,63,70,75,70,63,63,51,51,61
13963,LITTLE ROCK,AR,-92.27485,34.7487,196501-197712,52,63,63,69,78,82,81,79,73,72,56,52,68
93193,FRESNO,CA,-119.78536,36.74095,196501-198312,44,60,74,83,91,93,96,95,93,86,59,44,76
93134,LOS ANGELES,CA,-118.24545,34.05357,196501-197712,69,70,70,78,63,63,82,85,74,74,70,71,72
23232,SACRAMENTO,CA,-121.49085,38.57944,196501-198312,45,62,73,82,92,94,97,96,93,84,61,47,77
23188,SAN DIEGO,CA,-117.16171,32.71568,196501-198312,74,73,71,72,56,57,70,72,65,70,73,75,69
23272,SAN FRANCISCO,CA,-122.41966,37.77712,196501-197412,58,66,71,77,75,69,70,69,73,71,55,55,67
23062,DENVER,CO,-104.99202,39.74001,196501-198312,71,73,71,71,64,71,71,72,74,71,64,65,69
23066,GRAND JUNCTION,CO,-108.56445,39.06879,196501-198312,59,64,63,69,72,80,78,78,79,71,60,57,69
93058,PUEBLO,CO,-104.61252,38.26375,196501-198312,75,77,78,82,79,83,81,81,82,79,73,71,78
14740,HARTFORD,CT,-72.67397,41.76381,196501-198312,59,61,56,59,58,61,66,63,59,57,47,50,58
13743,WASHINGTON NAT'L,DC,-122.05943,46.75555,196501-198312,47,53,54,60,61,64,64,66,62,57,49,45,56
13889,JACKSONVILLE,FL,-81.65622,30.33147,196502-198312,58,61,69,74,71,66,65,63,62,60,63,59,64
12836,KEY WEST,FL,-81.80023,24.5545,196501-198312,74,76,84,85,82,77,79,78,74,72,71,73,77
12839,MIAMI,FL,-80.19773,25.77481,197703-201712,68,68,74,79,73,70,77,72,69,72,63,66,70
13899,PENSACOLA,FL,-87.21726,30.42099,196501-196912,53,56,65,67,64,66,59,56,58,71,63,47,60
12842,TAMPA,FL,-82.45927,27.94653,196501-201012,66,68,75,80,77,70,67,65,65,67,66,62,69
13874,ATLANTA,GA,-84.39111,33.74831,196501-198312,50,56,59,66,65,66,62,62,60,67,61,53,60
3813,MACON,GA,-83.62802,32.83994,196501-198312,53,59,66,71,69,68,65,67,62,67,61,56,63
3822,SAVANNAH,GA,-81.09119,32.08091,196501-198312,54,58,62,70,64,62,59,57,56,62,61,53,59
21504,HILO,HI,-155.08185,19.71924,196501-200612,47,45,39,36,40,45,41,44,47,38,35,37,41
22521,HONOLULU,HI,-157.85788,21.30493,196501-198312,59,62,68,63,66,67,71,73,75,67,60,56,65
22516,KAHULUI,HI,-156.46727,20.89102,196501-198312,65,65,65,63,70,74,72,72,76,70,66,65,68
22536,LIHUE,HI,-159.3691,21.97504,196501-201012,52,54,55,57,62,62,61,65,63,56,47,46,56
24131,BOISE,ID,-116.1934,43.60764,196501-198312,32,49,66,68,74,76,85,82,80,69,41,34,63
24156,POCATELLO,ID,-112.45056,42.87497,196501-198312,38,55,63,64,68,74,82,80,78,68,43,36,62
94846,CHICAGO,IL,-87.63245,41.88425,198007-198312,41,42,53,53,58,66,68,61,61,56,35,35,52
14923,MOLINE,IL,-90.49037,41.49177,196501-198312,48,53,49,51,54,62,65,63,60,56,40,38,53
14842,PEORIA,IL,-89.58799,40.69236,196501-198312,47,53,52,53,57,66,67,63,61,58,41,38,54
93822,SPRINGFIELD,IL,-89.6436,39.8013,196501-198312,50,53,51,54,61,68,71,67,66,61,45,40,57
93817,EVANSVILLE,IN,-87.56405,37.97708,196501-198312,46,50,56,57,63,72,72,71,65,63,46,42,58
14827,FORT WAYNE,IN,-85.13831,41.08026,196501-198312,50,55,57,63,69,74,76,75,67,60,40,36,60
93819,INDIANAPOLIS,IN,-86.15012,39.76691,196501-201512,42,49,48,51,58,63,65,64,61,54,36,32,51
14933,DES MOINES,IA,-93.61538,41.58981,196501-200912,50,54,55,55,61,69,74,70,66,59,45,43,58
14943,SIOUX CITY,IA,-96.42086,42.4999,196501-198312,57,57,59,59,62,70,73,70,65,60,48,48,60
13984,CONCORDIA,KS,-97.65747,39.57127,196501-198312,62,63,63,66,70,78,80,78,72,69,59,58,68
13985,DODGE CITY,KS,-100.01891,37.75267,196501-200912,65,67,64,66,68,77,80,76,72,71,63,63,69
13996,TOPEKA,KS,-95.67118,39.04928,196501-198312,55,56,56,56,60,64,72,68,62,60,50,50,59
3928,WICHITA,KS,-97.33558,37.68749,196501-201412,59,63,61,64,66,70,76,74,66,66,57,56,64
93821,LOUISVILLE,KY,-85.76666,38.25489,196501-201612,46,51,50,55,59,64,66,65,62,60,44,41,55
3816,PADUCAH,KY,-88.59585,37.08571,200606-200912,58,52,60,65,60,73,77,81,72,71,58,52,64
3937,LAKE CHARLES,LA,-93.22011,30.22403,198005-198312,46,48,65,65,77,80,81,83,83,77,55,49,67
12916,NEW ORLEANS,LA,-90.07775,29.9537,197308-198312,48,52,56,62,59,67,61,59,61,70,57,54,58
13957,SHREVEPORT,LA,-93.74689,32.51487,196501-198312,45,54,53,54,58,68,70,69,64,64,57,51,58
14764,PORTLAND,ME,-70.25665,43.65915,196501-198312,57,58,53,55,53,55,62,63,60,58,47,49,55
93721,BALTIMORE,MD,-76.60926,39.29058,196501-198312,50,58,55,57,55,60,63,61,57,56,50,47,55
14739,BOSTON,MA,-71.05674,42.35866,196501-198312,56,56,56,59,60,64,68,66,64,60,48,49,58
94849,ALPENA,MI,-83.44515,45.06156,196501-198312,36,43,51,55,59,62,66,60,52,41,28,25,48
94847,DETROIT,MI,-83.048,42.33168,196605-198312,39,47,50,55,60,65,69,68,61,50,35,31,52
94860,GRAND RAPIDS,MI,-85.67195,42.96642,196501-202012,27,37,46,51,55,61,66,62,57,43,29,21,46
14836,LANSING,MI,-84.55225,42.73194,196501-198312,40,47,49,53,60,64,69,66,58,47,29,29,50
14847,SAULT STE. MARIE,MI,-84.35172,46.49231,196501-198312,38,49,56,57,62,59,64,59,47,35,25,28,48
14913,DULUTH,MN,-92.09985,46.78796,196501-198312,48,51,51,55,56,55,64,60,52,42,33,36,50
14922,MINNEAPOLIS-ST.PAUL,MN,-93.19664,44.87207,196501-198312,53,59,57,56,62,67,74,69,62,51,37,38,57
3940,JACKSON,MS,-90.18044,32.29896,196501-198312,47,55,59,62,62,70,65,64,60,67,55,49,59
93862,TUPELO,MS,-88.70783,34.25741,198307-198312,,,,,,,66,59,61,67,57,45,
3945,COLUMBIA,MO,-92.33415,38.95252,196911-198312,51,50,51,55,59,67,70,66,62,60,49,44,57
3947,KANSAS CITY,MO,-94.58311,39.10344,197211-198312,58,56,62,66,65,70,74,67,66,62,48,52,62
13994,ST. LOUIS,MO,-90.19956,38.62775,196501-198312,51,55,55,58,60,66,71,63,64,60,45,41,57
13995,SPRINGFIELD,MO,-93.29159,37.20897,196501-198312,51,51,56,59,61,65,72,69,64,62,48,47,58
24033,BILLINGS,MT,-108.50607,45.78426,196501-201512,42,54,65,62,60,62,74,74,68,57,44,38,58
24143,GREAT FALLS,MT,-111.30597,47.50739,196501-198312,42,49,64,59,62,65,79,76,69,57,44,37,58
94012,HAVRE,MT,-109.67166,48.55297,196501-198312,48,60,71,72,75,78,86,83,76,63,48,44,67
24144,HELENA,MT,-112.02065,46.58976,196501-198312,40,51,61,59,59,62,77,73,68,58,42,35,57
24153,MISSOULA,MT,-113.99625,46.87278,196501-198312,30,43,55,56,58,60,80,78,69,57,37,30,54
14939,LINCOLN,NE,-96.7073,40.81362,197209-198312,55,52,54,56,61,73,73,70,68,62,50,51,60
24023,NORTH PLATTE,NE,-100.76333,41.13632,196501-200912,60,62,65,66,68,72,76,75,73,70,60,60,67
14942,OMAHA,NE,-95.94026,41.26068,196501-197712,56,57,59,59,65,72,74,74,64,63,49,47,61
24032,VALENTINE,NE,-100.55062,42.87384,196502-198312,60,61,59,61,64,70,76,76,72,65,58,57,64
23154,ELY,NV,-114.89483,39.24705,196501-198312,69,69,69,72,75,81,80,79,82,75,65,64,73
23169,LAS VEGAS,NV,-115.14001,36.17193,196501-198312,76,79,83,88,88,92,88,89,91,88,79,77,84
23185,RENO,NV,-119.81353,39.52766,196501-198312,65,66,79,84,87,89,95,93,95,88,72,65,81
24128,WINNEMUCCA,NV,-117.73519,40.97327,196501-198312,49,55,60,62,73,76,85,81,81,73,48,46,65
14745,CONCORD,NH,-71.5366,43.20725,196501-198312,56,59,53,58,58,59,66,62,57,54,43,45,55
14755,MT. WASHINGTON,NH,-71.30346,44.27049,196501-202012,31,32,33,37,36,31,31,31,37,35,30,28,32
93730,ATLANTIC CITY,NJ,-74.42637,39.36287,196501-201912,46,52,52,54,53,56,58,63,59,54,46,43,53
23050,ALBUQUERQUE,NM,-106.64905,35.08423,196501-198312,73,73,73,78,80,82,76,76,77,80,75,73,76
23009,ROSWELL,NM,-104.52275,33.39509,197301-198212,61,69,77,78,81,84,79,71,71,75,70,70,73
14735,ALBANY,NY,-73.75521,42.65155,196501-200712,46,52,51,55,53,55,62,58,54,46,33,36,50
4725,BINGHAMTON,NY,-75.91129,42.09871,196501-198312,39,42,44,51,55,59,64,61,53,45,29,28,47
14733,BUFFALO,NY,-78.87846,42.88545,196501-201412,31,36,45,54,59,62,66,63,56,44,29,23,47
94728,NEW YORK Central Park,NY,-73.96584,40.78392,196501-198112,53,54,54,59,57,56,60,64,59,59,48,44,55
14768,ROCHESTER,NY,-77.61632,43.1558,196501-198312,36,40,47,54,58,63,67,63,56,44,25,24,48
14771,SYRACUSE,NY,-76.14738,43.05042,196501-200912,34,39,46,53,53,54,60,57,51,40,25,23,44
3812,ASHEVILLE,NC,-82.55338,35.59866,196501-198312,55,61,61,66,61,64,59,55,55,61,59,56,59
93729,CAPE HATTERAS,NC,-75.53641,35.23388,196501-198312,47,54,59,67,60,60,61,62,61,57,54,46,57
13881,CHARLOTTE,NC,-80.83796,35.22286,196501-198312,56,62,64,70,69,69,67,69,65,65,61,57,64
13723,GREENSBORO-WNSTN-SALM-HGHPT,NC,#VALUE!,,196501-198312,54,59,62,64,60,61,61,61,59,61,59,56,59
13722,RALEIGH,NC,-78.6427,35.78547,196501-198312,51,60,62,64,59,61,60,61,59,60,58,53,59
13748,WILMINGTON,NC,-77.946,34.23497,196501-198312,56,61,64,71,64,63,63,61,61,63,64,57,62
24011,BISMARCK,ND,-100.77969,46.80536,196501-198312,54,52,61,58,64,67,75,72,67,53,42,45,59
14914,FARGO,ND,-96.78176,46.87591,196501-198312,52,54,59,57,60,64,74,71,63,51,39,39,56
94014,WILLISTON,ND,-103.62187,48.14704,196501-200912,51,57,61,59,63,68,77,75,67,56,43,47,60
93814,CINCINNATI,OH,-84.51439,39.12711,198305-198312,,,,,47,70,85,76,77,50,44,30,
14820,CLEVELAND,OH,-81.69074,41.50473,196501-200912,31,40,44,52,57,64,66,61,59,48,30,22,47
14821,COLUMBUS,OH,-83.00275,39.96199,196501-198312,34,42,42,49,53,54,54,54,55,53,33,28,45
93815,DAYTON,OH,-84.19381,39.7592,196501-198312,43,47,49,53,61,68,66,65,62,55,37,33,53
94830,TOLEDO,OH,-83.53674,41.65404,196501-198312,41,48,50,53,59,61,65,61,58,52,34,29,50
13967,OKLAHOMA CITY,OK,-97.52107,35.47203,196501-198312,60,61,65,67,66,73,79,76,68,67,58,59,66
13968,TULSA,OK,-95.99352,36.15011,196501-198312,51,56,58,60,60,66,74,71,60,62,50,51,59
24229,PORTLAND,OR,-122.67563,45.51179,196501-198312,28,41,55,58,63,61,72,69,64,46,29,20,50
14737,ALLENTOWN,PA,-75.47027,40.60263,198307-198311,,,,,,,90,93,82,52,47,,
13739,PHILADELPHIA,PA,-75.16218,39.95222,196501-201812,51,54,54,56,53,60,62,63,58,58,49,45,55
94823,PITTSBURGH,PA,-79.99734,40.43851,196501-201612,28,37,42,46,48,52,54,51,52,46,31,23,42
14777,AVOCA,PA,-75.74326,41.33588,196501-198312,43,50,49,55,55,60,64,62,53,48,33,33,50
14765,PROVIDENCE,RI,-71.41198,41.82388,196501-198312,57,58,55,56,55,59,64,61,62,61,48,51,57
13883,COLUMBIA,SC,-81.04537,33.99882,196501-198312,55,60,65,69,67,68,67,66,65,66,64,57,64
3870,GREENVILLE-SPARTANBURG,SC,-82.04050255,34.93924081,196501-198312,54,59,64,67,60,60,60,61,60,65,59,55,60
14929,ABERDEEN,SD,-98.48691,45.45909,200804-200912,,54,58,63,65,66,74,78,68,48,21,,
14936,HURON,SD,-98.21414,44.36385,196501-198312,62,62,62,59,66,69,76,74,69,59,51,51,63
24090,RAPID CITY,SD,-103.2308,44.08146,196501-198312,54,60,62,57,59,65,72,74,71,65,52,54,62
14944,SIOUX FALLS,SD,-96.73128,43.54577,200601-200912,53,59,46,54,55,58,71,61,59,57,49,55,56
13882,CHATTANOOGA,TN,-85.30947,35.04672,196501-198312,44,49,54,60,61,63,58,59,57,60,51,46,55
13891,KNOXVILLE,TN,-83.92103,35.96068,196501-198312,42,48,56,67,65,67,65,67,61,62,51,41,57
13893,MEMPHIS,TN,-90.04925,35.14976,196501-198312,51,55,58,65,67,74,74,74,67,70,56,50,63
13897,NASHVILLE,TN,-86.77816,36.16784,196501-201612,42,47,52,58,60,65,64,63,59,62,47,42,55
13962,ABILENE,TX,-99.74142,32.44917,196501-198312,63,66,70,71,71,77,80,75,69,68,64,65,69
23047,AMARILLO,TX,-101.83389,35.20725,196501-198312,67,70,71,75,73,79,78,76,70,74,67,65,72
13958,AUSTIN,TX,-97.74299,30.26759,196501-200912,50,56,53,52,52,66,72,70,64,61,55,51,58
12919,BROWNSVILLE,TX,-97.49924,25.90209,196501-198312,38,47,55,61,64,76,80,75,69,62,51,40,59
12924,CORPUS CHRISTI,TX,-97.40389,27.79641,196501-198312,43,50,52,54,55,72,79,74,68,66,57,45,59
13960,DALLAS,TX,-96.79512,32.77822,196501-197312,54,59,61,57,58,69,74,69,62,62,58,55,61
23044,EL PASO,TX,-106.48749,31.75916,196501-198312,77,83,87,88,89,90,83,81,81,85,81,79,83
12960,HOUSTON,TX,-95.36952,29.76078,196906-198312,43,50,47,50,57,65,67,64,63,62,54,48,55
23042,LUBBOCK,TX,-101.84501,33.58451,197212-198312,63,67,75,73,74,80,79,80,72,75,68,68,72
23023,MIDLAND-ODESSA,TX,-102.3571621,31.83379788,198011-198312,67,64,71,70,79,83,85,78,83,72,73,66,74
12917,PORT ARTHUR,TX,-93.92949,29.8994,196501-198012,41,54,50,53,60,69,66,62,62,67,58,47,57
12921,SAN ANTONIO,TX,-98.49461,29.42458,196501-200812,49,55,57,51,50,65,72,69,62,60,54,48,57
24127,SALT LAKE CITY,UT,-111.88822,40.76031,196501-198312,43,59,67,69,73,81,85,83,81,71,52,39,66
14742,BURLINGTON,VT,-73.21277,44.47593,196501-200812,45,49,49,52,55,56,66,59,53,46,31,31,49
13733,LYNCHBURG,VA,-79.14318,37.4144,196501-198312,53,58,60,62,63,65,62,64,60,59,55,52,59
13737,NORFOLK,VA,-76.28514,36.84686,196501-198312,55,62,63,67,62,65,64,66,66,59,58,53,61
13740,RICHMOND,VA,-77.43367,37.54068,196501-198312,54,61,62,66,65,68,66,67,65,60,60,54,62
94240,QUILLAYUTE,WA,-124.54243,47.94313,196608-198312,20,28,31,36,37,35,42,42,44,34,21,16,32
24233,SEATTLE,WA,-122.32945,47.60357,196503-198312,23,38,50,52,55,55,64,62,57,43,29,20,45
24157,SPOKANE,WA,-117.41162,47.65726,196501-201812,25,37,53,57,63,65,78,76,70,54,26,22,52
13729,ELKINS,WV,-79.84449,38.92402,198307-198312,,,,,,,69,50,52,43,31,18,
14898,GREEN BAY,WI,-88.00987,44.5132,196501-200912,51,56,55,56,64,66,69,65,57,48,35,38,55
14837,MADISON,WI,-89.38644,43.07313,196501-198312,47,51,50,49,57,63,67,62,58,50,37,36,52
14839,MILWAUKEE,WI,-87.9069,43.04223,196501-198312,47,51,50,52,60,65,69,64,57,51,37,35,53
24018,CHEYENNE,WY,-104.82154,41.13481,196501-198312,58,66,67,66,63,64,67,70,70,67,56,57,64
24021,LANDER,WY,-108.73094,42.83309,196501-198312,63,67,69,65,63,71,74,76,73,66,58,59,67
24029,SHERIDAN,WY,-106.95587,44.79792,196501-198312,50,55,61,57,59,65,74,74,69,59,52,52,60
41415,GUAM,PC,128.58439,35.25691,196501-198312,54,57,61,63,59,54,44,41,39,41,41,48,50
40309,KOROR,PC,134.4216705,7.267820148,196501-200612,56,59,64,63,58,47,48,48,54,49,53,51,54
40710,MAJURO- MARSHALL IS,PC,171.37138,7.10941,196501-200612,62,66,66,55,57,55,56,62,61,55,54,54,58
61705,PAGO PAGO- AMER SAMOA,PC,#VALUE!,,196604-201012,43,45,50,44,38,38,45,51,57,44,42,40,44
40504,POHNPEI- CAROLINE IS.,PC,147.94189,7.2099,196501-200612,40,43,47,43,41,40,40,43,44,39,41,35,41
40505,CHUUK- E. CAROLINE IS.,PC,147.94189,7.2099,196501-200612,56,62,60,57,52,50,53,57,51,48,49,51,53
40308,YAP- W CAROLINE IS.,PC,147.94189,7.2099,196501-200612,57,62,66,66,61,55,48,49,51,51,57,58,56
11641,SAN JUAN,PR,-66.11691,18.46536,196501-200712,66,69,75,69,58,63,68,67,65,60,57,57,64
